"Id","UserId","Avatar","Author","Content","Url","ReactionsCount","Depth","SubCommentsCount","CommentAt"
"Y29tbWVudDo2MjU0NDU0NTQxNDczNjhfNjI1NDQ3OTE3NDgwNDU1","100000720652429","https://scontent.fnap3-1.fna.fbcdn.net/v/t1.6435-1/42099745_2109188615781806_5579881396245102592_n.jpg?stp=c0.168.1152.1152a_cp0_dst-jpg_s64x64_tt6&_nc_cat=103&ccb=1-7&_nc_sid=e99d92&_nc_ohc=BKrPU2BcZ2wQ7kNvgHCnX0z&_nc_zt=24&_nc_ht=scontent.fnap3-1.fna&_nc_gid=AlxeNmxQARyt5CscVMseZRL&oh=00_AYAAaPaxtPdePeQ1n4yWniRZX7UT6qS3ArA4xEP6xOy_3Q&oe=67C1DD7E","Prashob  Ms","http://s8int.com/WordPress/2012/09/15/hoax-man-made-pyramids-recently-discovered-in-antartica-why-are-they-using-photo-from-2006-annual-report-for-mountain-guides/","https://www.facebook.com/photo/?fbid=625445454147368&set=a.458448897513692&comment_id=625447917480455","23","0","0","07/24/2013 08:11:55 PM"
"Y29tbWVudDo2MjU0NDU0NTQxNDczNjhfNjI1NDY1NDc3NDc4Njk5","100000904554009","https://scontent.fnap3-1.fna.fbcdn.net/v/t39.30808-1/255633440_6637329322973820_3764616417992845384_n.jpg?stp=cp0_dst-jpg_s64x64_tt6&_nc_cat=107&ccb=1-7&_nc_sid=e99d92&_nc_ohc=iprHJDnOyXMQ7kNvgEZFmrJ&_nc_zt=24&_nc_ht=scontent.fnap3-1.fna&_nc_gid=AlxeNmxQARyt5CscVMseZRL&oh=00_AYBck0q4AUK1C4jTEngFwOnyc4GvKrTGswMEzS-0kU7oKw&oe=67A02043","Rumen Georgiev","Transformers :)","https://www.facebook.com/photo/?fbid=625445454147368&set=a.458448897513692&comment_id=625465477478699","16","0","0","07/24/2013 09:10:05 PM"
"Y29tbWVudDo2MjU0NDU0NTQxNDczNjhfNjI1NDgxMjM3NDc3MTIz","100000465293016","https://scontent.fnap3-1.fna.fbcdn.net/v/t1.6435-1/89103749_4140457602646375_935203135561924608_n.jpg?stp=cp0_dst-jpg_s64x64_tt6&_nc_cat=101&ccb=1-7&_nc_sid=e99d92&_nc_ohc=J0k7BPvU06cQ7kNvgG60cOM&_nc_zt=24&_nc_ht=scontent.fnap3-1.fna&_nc_gid=AlxeNmxQARyt5CscVMseZRL&oh=00_AYAiZE2O7VbPBuivttIO8wTxAQwy2_x1tIYvEGYIX67BWQ&oe=67C1C8FE","Lisa Holm","Sorry to say most of you are going to have to think outside of your tiny prison like box that your religious parents put you in","https://www.facebook.com/photo/?fbid=625445454147368&set=a.458448897513692&comment_id=625481237477123","9","0","0","07/24/2013 10:04:20 PM"
"Y29tbWVudDo2MjU0NDU0NTQxNDczNjhfNjI1NDQ3MDEwODEzODc5","100002915713368","https://scontent.fnap3-2.fna.fbcdn.net/v/t39.30808-1/463277052_8512815558825550_2559232618984666991_n.jpg?stp=cp0_dst-jpg_s64x64_tt6&_nc_cat=111&ccb=1-7&_nc_sid=e99d92&_nc_ohc=keWtbHn3vZgQ7kNvgFahdGW&_nc_zt=24&_nc_ht=scontent.fnap3-2.fna&_nc_gid=AlxeNmxQARyt5CscVMseZRL&oh=00_AYC7-Ydy98ivdWAqM7MwPhY06o3iwXzFYHCihtPXbUakPQ&oe=67A03410","Shivam Gupta","That happened long ago....Alien vs Predator lol movie","https://www.facebook.com/photo/?fbid=625445454147368&set=a.458448897513692&comment_id=625447010813879","15","0","2","07/24/2013 08:11:11 PM"
"Y29tbWVudDo2MjU0NDU0NTQxNDczNjhfNjI1NjM5NjAwNzk0NjIw","100000122248479","https://scontent.fnap3-1.fna.fbcdn.net/v/t1.6435-1/57374785_3047250225289022_5719973819167277056_n.jpg?stp=cp0_dst-jpg_s64x64_tt6&_nc_cat=107&ccb=1-7&_nc_sid=e99d92&_nc_ohc=rmI5nMF74fsQ7kNvgGgomcr&_nc_zt=24&_nc_ht=scontent.fnap3-1.fna&_nc_gid=AlxeNmxQARyt5CscVMseZRL&oh=00_AYCAY6kahGuR-j0bpawh0SNmL7CLdWzncGZRSsGZmuKF9Q&oe=67C1C79F","Alban Mimini","Learn to spell you potato... (Abhishek)","https://www.facebook.com/photo/?fbid=625445454147368&set=a.458448897513692&comment_id=625639600794620","7","0","0","07/25/2013 03:39:19 AM"
"Y29tbWVudDo2MjU0NDU0NTQxNDczNjhfNjI1NDk5OTc0MTQxOTE2","548137577","https://scontent.fnap3-1.fna.fbcdn.net/v/t39.30808-1/405116138_10161548605187578_3514821870827968600_n.jpg?stp=cp0_dst-jpg_s64x64_tt6&_nc_cat=106&ccb=1-7&_nc_sid=e99d92&_nc_ohc=BVBJ5HBKxB4Q7kNvgEgE6K6&_nc_zt=24&_nc_ht=scontent.fnap3-1.fna&_nc_gid=AlxeNmxQARyt5CscVMseZRL&oh=00_AYASvypfUt6k2bXDD3YllnCV0XTPgKv7ixNMwCDe9w4UFw&oe=67A02E97","Daniel Steed","Been saying for years that I reckon something's buried under Antarctica that would make us rethink our history. Be nice if they are artificial constructs and not natural formations. Guess we'll all have to wait and see.","https://www.facebook.com/photo/?fbid=625445454147368&set=a.458448897513692&comment_id=625499974141916","6","0","0","07/24/2013 10:43:40 PM"
"Y29tbWVudDo2MjU0NDU0NTQxNDczNjhfNjI1NDQ5NDU0MTQ2OTY4","100006384278065","https://scontent.fnap3-2.fna.fbcdn.net/v/t39.30808-1/462268882_3700002603555846_3617267663214946386_n.jpg?stp=c0.0.720.720a_cp0_dst-jpg_s64x64_tt6&_nc_cat=111&ccb=1-7&_nc_sid=e99d92&_nc_ohc=9ooeKKQEGwYQ7kNvgFMb7mJ&_nc_zt=24&_nc_ht=scontent.fnap3-2.fna&_nc_gid=AlxeNmxQARyt5CscVMseZRL&oh=00_AYAasYfETdsU9BSdT06gBMNb2KEnIhZhE5HHiN1agwnnsw&oe=67A01872","Nikhil Bhagat","Beware....!Transformers have hidden there machines.....!!!","https://www.facebook.com/photo/?fbid=625445454147368&set=a.458448897513692&comment_id=625449454146968","9","0","0","07/24/2013 08:15:59 PM"
"Y29tbWVudDo2MjU0NDU0NTQxNDczNjhfNjI1NDcwNzE3NDc4MTc1","518271573","https://scontent.fnap3-1.fna.fbcdn.net/v/t39.30808-1/409307581_10159548962096574_7979014211406648162_n.jpg?stp=c14.0.932.932a_cp0_dst-jpg_s64x64_tt6&_nc_cat=102&ccb=1-7&_nc_sid=e99d92&_nc_ohc=81gNacaNnzcQ7kNvgFJpZbd&_nc_zt=24&_nc_ht=scontent.fnap3-1.fna&_nc_gid=AlxeNmxQARyt5CscVMseZRL&oh=00_AYBivE8ee44PdRSe0doSfd_4muAHC5xhLPsbdnS5LBJpTg&oe=67A01700","Chris Chicken-Treat Williams","Google it people. Have some common sense and make up your own minds. Complete hoax. The structures are glacial horns. Google it","https://www.facebook.com/photo/?fbid=625445454147368&set=a.458448897513692&comment_id=625470717478175","4","0","0","07/24/2013 09:29:51 PM"
"Y29tbWVudDo2MjU0NDU0NTQxNDczNjhfNjI1NTk3OTM0MTMyMTIw","100002540325193","https://scontent.fnap3-1.fna.fbcdn.net/v/t39.30808-1/472766005_8893910554036867_6788935043734498413_n.jpg?stp=cp0_dst-jpg_s64x64_tt6&_nc_cat=101&ccb=1-7&_nc_sid=e99d92&_nc_ohc=4eM7x2QqUZsQ7kNvgEFQmhm&_nc_zt=24&_nc_ht=scontent.fnap3-1.fna&_nc_gid=AlxeNmxQARyt5CscVMseZRL&oh=00_AYC_Oz9qAgiK-TJR4y4BOrr0KGKwT1kG17T4ILy9L8ZT9Q&oe=67A034FD","Zachary Shane Cole","I see a battle between alien and predator going on here.","https://www.facebook.com/photo/?fbid=625445454147368&set=a.458448897513692&comment_id=625597934132120","4","0","0","07/25/2013 01:05:48 AM"
"Y29tbWVudDo2MjU0NDU0NTQxNDczNjhfNjI1NTg4MzY0MTMzMDc3","1687110189","https://scontent.fnap3-2.fna.fbcdn.net/v/t39.30808-1/474598336_10222264994488910_2499422117482997301_n.jpg?stp=cp0_dst-jpg_s64x64_tt6&_nc_cat=110&ccb=1-7&_nc_sid=e99d92&_nc_ohc=KI3tv_6SDEcQ7kNvgFYObbM&_nc_zt=24&_nc_ht=scontent.fnap3-2.fna&_nc_gid=AlxeNmxQARyt5CscVMseZRL&oh=00_AYBY5d4Fl9z-ttKUIyEk8Ez5vKe79jklAlyUz-PE_6R4cg&oe=67A03FA0","Annilee Hopper Perkins","Pissable? Is that a word?","https://www.facebook.com/photo/?fbid=625445454147368&set=a.458448897513692&comment_id=625588364133077","3","0","0","07/25/2013 12:27:22 AM"
"Y29tbWVudDo2MjU0NDU0NTQxNDczNjhfNjI1NDkyOTUwODA5Mjg1","1343177404","https://scontent.fnap3-1.fna.fbcdn.net/v/t39.30808-1/428680488_10232723772820367_4148304423738982500_n.jpg?stp=cp0_dst-jpg_p64x64_tt6&_nc_cat=107&ccb=1-7&_nc_sid=e99d92&_nc_ohc=2nA-86LdeRQQ7kNvgGc4_Ax&_nc_zt=24&_nc_ht=scontent.fnap3-1.fna&_nc_gid=AroR0o6Bn0YobKMuK2G0TCv&oh=00_AYCnBU_XjXkzrCxKScroQLhQ_l0EjV-o7IUOoHN5I56jcw&oe=67A03D54","Wai Peng Tang","Predator Vs Aliens ! lol","https://www.facebook.com/photo/?fbid=625445454147368&set=a.458448897513692&comment_id=625492950809285","3","0","0","07/24/2013 10:30:15 PM"
"Y29tbWVudDo2MjU0NDU0NTQxNDczNjhfNjI1NDQ4NzU0MTQ3MDM4","100001124079587","https://scontent.fnap3-1.fna.fbcdn.net/v/t39.30808-1/464690821_8566339290080122_4606556818235485676_n.jpg?stp=cp0_dst-jpg_s64x64_tt6&_nc_cat=103&ccb=1-7&_nc_sid=e99d92&_nc_ohc=39ghJ_aVOwUQ7kNvgFlcRHh&_nc_zt=24&_nc_ht=scontent.fnap3-1.fna&_nc_gid=AroR0o6Bn0YobKMuK2G0TCv&oh=00_AYBs4heD8L-e_H1vs94kYrMhetiVgZf0Y5wcZk7kNEBUcA&oe=67A01BCB","Ajinkya Parulekar","Aliens,please stop trolling us...lol","https://www.facebook.com/photo/?fbid=625445454147368&set=a.458448897513692&comment_id=625448754147038","4","0","0","07/24/2013 08:13:47 PM"
"Y29tbWVudDo2MjU0NDU0NTQxNDczNjhfNjI1ODgxMjc0MTAzNzg2","752176801","https://scontent.fnap3-1.fna.fbcdn.net/v/t39.30808-1/364664959_10161229532606802_5183340443921748272_n.jpg?stp=cp0_dst-jpg_s64x64_tt6&_nc_cat=105&ccb=1-7&_nc_sid=e99d92&_nc_ohc=Su8KMNLqNssQ7kNvgFeCIUH&_nc_zt=24&_nc_ht=scontent.fnap3-1.fna&_nc_gid=AroR0o6Bn0YobKMuK2G0TCv&oh=00_AYCLNvRcwVnCCUoJVXRKaoJSVELJ_9eTfi4izq6GtA9JPA&oe=67A025B5","Lenny Cartwright","Martin Dell","https://www.facebook.com/photo/?fbid=625445454147368&set=a.458448897513692&comment_id=625881274103786","1","0","0","07/25/2013 02:15:47 PM"
"Y29tbWVudDo2MjU0NDU0NTQxNDczNjhfNjI1NDQ5NTE3NDgwMjk1","632750160","https://scontent.fnap3-1.fna.fbcdn.net/v/t39.30808-1/450889185_10169357625325161_8246083903800900149_n.jpg?stp=cp0_dst-jpg_s64x64_tt6&_nc_cat=105&ccb=1-7&_nc_sid=e99d92&_nc_ohc=4S8yxUfUUiwQ7kNvgGaRR7t&_nc_zt=24&_nc_ht=scontent.fnap3-1.fna&_nc_gid=AroR0o6Bn0YobKMuK2G0TCv&oh=00_AYAdhDX4taca_2JBJRpVN6qazmr_e86QjNEy_cm0CGGZMw&oe=67A01F4E","Tony Slavin","Adem Kamchah","https://www.facebook.com/photo/?fbid=625445454147368&set=a.458448897513692&comment_id=625449517480295","2","0","0","07/24/2013 08:16:10 PM"
"Y29tbWVudDo2MjU0NDU0NTQxNDczNjhfNjI1NDU0NDQwODEzMTM2","1323967957","https://scontent.fnap3-1.fna.fbcdn.net/v/t39.30808-1/441312117_10224568096092906_1900501370622270827_n.jpg?stp=cp0_dst-jpg_s64x64_tt6&_nc_cat=101&ccb=1-7&_nc_sid=e99d92&_nc_ohc=xa5op07QdGYQ7kNvgEPsUqi&_nc_zt=24&_nc_ht=scontent.fnap3-1.fna&_nc_gid=AroR0o6Bn0YobKMuK2G0TCv&oh=00_AYAb88W92x2SALbcEu8mELfSPua4LC0VaXsCtzu21xyaQQ&oe=67A043AD","Mike Chidester","Winter is coming","https://www.facebook.com/photo/?fbid=625445454147368&set=a.458448897513692&comment_id=625454440813136","3","0","0","07/24/2013 08:33:04 PM"
"Y29tbWVudDo2MjU0NDU0NTQxNDczNjhfNjI1NDUzNzA3NDc5ODc2","1163106903","https://scontent.fnap3-1.fna.fbcdn.net/v/t1.6435-1/175110446_10225108936448215_1225306959455317651_n.jpg?stp=cp0_dst-jpg_s64x64_tt6&_nc_cat=104&ccb=1-7&_nc_sid=e99d92&_nc_ohc=x9Hjidihuh0Q7kNvgGPBt5R&_nc_zt=24&_nc_ht=scontent.fnap3-1.fna&_nc_gid=AroR0o6Bn0YobKMuK2G0TCv&oh=00_AYBxJojE2fNCp6xYh7sS7aRFs_YV3ff2iswDAjJCp5Ihfg&oe=67C1C9AC","Chris Tuggle","Check out what Edgar Cayce says about that landmass, and others. Keep an open mind to the fact that we are not at all the pinnacle of human civilization.","https://www.facebook.com/photo/?fbid=625445454147368&set=a.458448897513692&comment_id=625453707479876","3","0","0","07/24/2013 08:30:41 PM"
"Y29tbWVudDo2MjU0NDU0NTQxNDczNjhfNjI1NjE4NzI3NDYzMzc0","100000549406819","https://scontent.fnap3-2.fna.fbcdn.net/v/t39.30808-1/474222046_9740216822673201_2897749148305874061_n.jpg?stp=cp0_dst-jpg_s64x64_tt6&_nc_cat=110&ccb=1-7&_nc_sid=e99d92&_nc_ohc=I55-TpIJhTEQ7kNvgGjwo7E&_nc_zt=24&_nc_ht=scontent.fnap3-2.fna&_nc_gid=AroR0o6Bn0YobKMuK2G0TCv&oh=00_AYATNMySYE43tiPq-yO6OoIrDbbOaLsnxGVr8EyXHabX6w&oe=67A03CA3","James Whitbread","Bullshittttttt Emma Danielle","https://www.facebook.com/photo/?fbid=625445454147368&set=a.458448897513692&comment_id=625618727463374","1","0","0","07/25/2013 02:26:45 AM"
"Y29tbWVudDo2MjU0NDU0NTQxNDczNjhfNjI1NTE1MjM3NDczNzIz","676084780","https://scontent.fnap3-1.fna.fbcdn.net/v/t39.30808-1/467675750_10162012452119781_1770909845797200397_n.jpg?stp=cp0_dst-jpg_s64x64_tt6&_nc_cat=101&ccb=1-7&_nc_sid=e99d92&_nc_ohc=sYrnPH3L5uUQ7kNvgEZVZPI&_nc_zt=24&_nc_ht=scontent.fnap3-1.fna&_nc_gid=AroR0o6Bn0YobKMuK2G0TCv&oh=00_AYB6nh0PWaHaLapsfAMDjYib7I9xc8MwEYuaDDfKP54gYQ&oe=67A0389C","Robin Demicks","Its fake. Thia vide was published in sept 2012 and till now there is nothing. http://youtu.be/stKJJ6xWYFY","https://www.facebook.com/photo/?fbid=625445454147368&set=a.458448897513692&comment_id=625515237473723","2","0","0","07/24/2013 11:26:30 PM"
"Y29tbWVudDo2MjU0NDU0NTQxNDczNjhfNjI1NDUxMzg3NDgwMTA4","100001395786821","https://scontent.fnap3-2.fna.fbcdn.net/v/t39.30808-1/272632731_4971064832949994_2314879388473196693_n.jpg?stp=cp0_dst-jpg_s64x64_tt6&_nc_cat=110&ccb=1-7&_nc_sid=1d2534&_nc_ohc=dGW_c4iXBOIQ7kNvgE_gDdd&_nc_zt=24&_nc_ht=scontent.fnap3-2.fna&_nc_gid=AroR0o6Bn0YobKMuK2G0TCv&oh=00_AYDEYfnaEmyXPYVTngzMCt9o4TCfKrE0DxlpWAIXF3c7Lg&oe=67A03A80","Arnab Karmakar","Rise of Snow man","https://www.facebook.com/photo/?fbid=625445454147368&set=a.458448897513692&comment_id=625451387480108","2","0","0","07/24/2013 08:23:23 PM"
"Y29tbWVudDo2MjU0NDU0NTQxNDczNjhfNjI1NDQ5MjYwODEzNjU0","100002875531042","https://scontent.fnap3-2.fna.fbcdn.net/v/t1.30497-1/453178253_471506465671661_2781666950760530985_n.png?stp=cp0_dst-png_s64x64&_nc_cat=110&ccb=1-7&_nc_sid=136b72&_nc_ohc=z9R636rB8hAQ7kNvgGQHmTv&_nc_zt=24&_nc_ht=scontent.fnap3-2.fna&_nc_gid=AroR0o6Bn0YobKMuK2G0TCv&oh=00_AYAIzfjnnWMUP7Tichl2KQhxHGImOqMIFF7wtjKr2i0CpA&oe=67C1B1FA","Piroja White","run run run the aliens are coming!!!!!!""""""lolllzzz","https://www.facebook.com/photo/?fbid=625445454147368&set=a.458448897513692&comment_id=625449260813654","2","0","0","07/24/2013 08:15:23 PM"
"Y29tbWVudDo2MjU0NDU0NTQxNDczNjhfNjI1NDQ5MTA3NDgwMzM2","100000535506749","https://scontent.fnap3-2.fna.fbcdn.net/v/t39.30808-1/350925602_808811863665803_7550169815696753817_n.jpg?stp=cp0_dst-jpg_s64x64_tt6&_nc_cat=108&ccb=1-7&_nc_sid=e99d92&_nc_ohc=uCTYFdmgjtUQ7kNvgE7t5Fn&_nc_zt=24&_nc_ht=scontent.fnap3-2.fna&_nc_gid=AB7dV88cA7ufa08doLeMtCd&oh=00_AYDGfHNLmXS3Yp6oarh_PFD7Yy2i1pthekWJusF5K3Cq-A&oe=67A00C68","Debbie Daugherty","Hello erosion.","https://www.facebook.com/photo/?fbid=625445454147368&set=a.458448897513692&comment_id=625449107480336","1","0","0","07/24/2013 08:15:07 PM"
"Y29tbWVudDo2MjU0NDU0NTQxNDczNjhfNjI1NzQyMTg0MTE3Njk1","100070882742760","https://scontent.fnap3-2.fna.fbcdn.net/v/t39.30808-1/301511228_199528139086610_2840539607579006542_n.jpg?stp=c192.0.640.640a_cp0_dst-jpg_s64x64_tt6&_nc_cat=111&ccb=1-7&_nc_sid=2d3e12&_nc_ohc=3EVk2YYWu44Q7kNvgFtXVBV&_nc_zt=24&_nc_ht=scontent.fnap3-2.fna&_nc_gid=AB7dV88cA7ufa08doLeMtCd&oh=00_AYB098pnqiGnljOB1QeyBLhWHP0evbke7rxHYAhhp1bvLw&oe=67A00F79","Wonderful Engineering","★★★★★★★★★★★★★★  
Must Read ? ?  
(•_•)
<) )? 
./ \.
if you want to make yourself a 
“MYSTERIOUS PERSON”
“FAMOUS PERSON”
“TO INCRESE YOUR RAPOO ON FACEBOOK BY MAGIC”
  you like my page…………
and become a famous only in 1 hours…….
I am not joking……..let’s try……………
★★★★★★★★★★★★★★","https://www.facebook.com/photo/?fbid=625445454147368&set=a.458448897513692&comment_id=625742184117695","0","0","0","07/25/2013 06:07:44 AM"
"Y29tbWVudDo2MjU0NDU0NTQxNDczNjhfNjI1NjI2OTQwNzk1ODg2","1066110649","https://scontent.fnap3-1.fna.fbcdn.net/v/t39.30808-1/471518555_10229258293536316_7674583146623997001_n.jpg?stp=cp6_dst-jpg_s64x64_tt6&_nc_cat=105&ccb=1-7&_nc_sid=e99d92&_nc_ohc=J3tOpsbShkcQ7kNvgEZr-r_&_nc_zt=24&_nc_ht=scontent.fnap3-1.fna&_nc_gid=AB7dV88cA7ufa08doLeMtCd&oh=00_AYAf10TWRxwjmJ-NmxdyCWKs-HJAvxmEbZfsF3X0YBx3Kg&oe=67A01916","Ke Mo","That's amazing!","https://www.facebook.com/photo/?fbid=625445454147368&set=a.458448897513692&comment_id=625626940795886","0","0","0","07/25/2013 02:57:11 AM"
"Y29tbWVudDo2MjU0NDU0NTQxNDczNjhfNjI1NjI1MTM0MTI5NDAw","560467900","https://scontent.fnap3-2.fna.fbcdn.net/v/t39.30808-1/464581853_10160500678747901_6818557852684666455_n.jpg?stp=cp0_dst-jpg_s64x64_tt6&_nc_cat=109&ccb=1-7&_nc_sid=1d2534&_nc_ohc=9oZywaUiq3MQ7kNvgE1aKcg&_nc_zt=24&_nc_ht=scontent.fnap3-2.fna&_nc_gid=AB7dV88cA7ufa08doLeMtCd&oh=00_AYC_QXhm3F8xUFqO2ukD8kfCUZVj0iccAZZeQuat_CLpgg&oe=67A01186","Nick Sah","http://english.ruvr.ru/news/2013_06_18/Ancient-pyramids-possibly-man-made-discovered-in-Antarctica-5371/","https://www.facebook.com/photo/?fbid=625445454147368&set=a.458448897513692&comment_id=625625134129400","0","0","0","07/25/2013 02:50:45 AM"
"Y29tbWVudDo2MjU0NDU0NTQxNDczNjhfNjI1NjIxNTgwNzk2NDIy","523835690","https://scontent.fnap3-1.fna.fbcdn.net/v/t39.30808-1/465582561_10169964339670691_4482908387799327866_n.jpg?stp=cp0_dst-jpg_s64x64_tt6&_nc_cat=106&ccb=1-7&_nc_sid=1d2534&_nc_ohc=UyAm6bOTPgIQ7kNvgFhrBTn&_nc_zt=24&_nc_ht=scontent.fnap3-1.fna&_nc_gid=AB7dV88cA7ufa08doLeMtCd&oh=00_AYDe9wBtDOn6s4jJZcd1EJSWvZttS2FNKYm98OfDQ-BrSw&oe=67A03039","Stewart Little","Cool!","https://www.facebook.com/photo/?fbid=625445454147368&set=a.458448897513692&comment_id=625621580796422","0","0","0","07/25/2013 02:37:07 AM"
"Y29tbWVudDo2MjU0NDU0NTQxNDczNjhfNjI1NDYyODU0MTQ1NjI4","100002225141451","https://scontent.fnap3-1.fna.fbcdn.net/v/t39.30808-1/275515084_5390056654411786_6914220738854438165_n.jpg?stp=cp0_dst-jpg_s64x64_tt6&_nc_cat=102&ccb=1-7&_nc_sid=e99d92&_nc_ohc=g-pACnaewSwQ7kNvgGvIHYP&_nc_zt=24&_nc_ht=scontent.fnap3-1.fna&_nc_gid=AB7dV88cA7ufa08doLeMtCd&oh=00_AYCCj5gl9A-SpF2AihlljZU-DoNMMXpUH2YVZkzPVP57JQ&oe=67A011AB","Siddeeq Abuali","stranger !!!","https://www.facebook.com/photo/?fbid=625445454147368&set=a.458448897513692&comment_id=625462854145628","0","0","0","07/24/2013 09:00:24 PM"
"Y29tbWVudDo2MjU0NDU0NTQxNDczNjhfNjI1NDYyMzAwODEyMzUw","506129809","https://scontent.fnap3-2.fna.fbcdn.net/v/t1.6435-1/194757164_10159576477439810_8715401755503165296_n.jpg?stp=c0.0.1072.1072a_cp0_dst-jpg_s64x64_tt6&_nc_cat=108&ccb=1-7&_nc_sid=e99d92&_nc_ohc=yXGPvhVnDdYQ7kNvgGHcPgY&_nc_zt=24&_nc_ht=scontent.fnap3-2.fna&_nc_gid=AB7dV88cA7ufa08doLeMtCd&oh=00_AYDl5sOVdm9z1JCb50j7mLZEcmvPOvRc9tH00uO24fcBMg&oe=67C1E1E0","Joe Wanowski","Sandy Walter","https://www.facebook.com/photo/?fbid=625445454147368&set=a.458448897513692&comment_id=625462300812350","0","0","0","07/24/2013 08:58:26 PM"
"Y29tbWVudDo2MjU0NDU0NTQxNDczNjhfNjI1NDU5OTg3NDc5MjQ4","100001192249983","https://scontent.fnap3-1.fna.fbcdn.net/v/t39.30808-1/461768188_8249787038404289_4025183247659124523_n.jpg?stp=cp0_dst-jpg_s64x64_tt6&_nc_cat=106&ccb=1-7&_nc_sid=e99d92&_nc_ohc=qp0lG6PGULQQ7kNvgG3vu-9&_nc_zt=24&_nc_ht=scontent.fnap3-1.fna&_nc_gid=AB7dV88cA7ufa08doLeMtCd&oh=00_AYCAdbCGazcuUWjQ9V6ScRywErnZ1oJvzaGWtegwuZfzYQ&oe=67A02484","Abduttayyab Dohadwala","ANCIENT ALLEINS","https://www.facebook.com/photo/?fbid=625445454147368&set=a.458448897513692&comment_id=625459987479248","0","0","1","07/24/2013 08:49:27 PM"
"Y29tbWVudDo2MjU0NDU0NTQxNDczNjhfNjI1NDU1MDMwODEzMDc3","100002414972157","https://scontent.fnap3-2.fna.fbcdn.net/v/t39.30808-1/469351155_8727570290666717_8345452721408541674_n.jpg?stp=cp6_dst-jpg_s64x64_tt6&_nc_cat=110&ccb=1-7&_nc_sid=e99d92&_nc_ohc=Tmgn3TRe4okQ7kNvgEe7kXS&_nc_zt=24&_nc_ht=scontent.fnap3-2.fna&_nc_gid=AB7dV88cA7ufa08doLeMtCd&oh=00_AYDLiYkv1dQKDmmxLCTBJJbMlj1wjB1KccB-WlRpGP0Byg&oe=67A03E5D","Lanna Crank","And here I'm watching that dang movie >=|","https://www.facebook.com/photo/?fbid=625445454147368&set=a.458448897513692&comment_id=625455030813077","0","0","0","07/24/2013 08:34:37 PM"
"Y29tbWVudDo2MjU0NDU0NTQxNDczNjhfNjI1NDQ2MzYwODEzOTQ0","559070063","https://scontent.fnap3-1.fna.fbcdn.net/v/t39.30808-1/465233042_10160222260310064_8124710200992175996_n.jpg?stp=cp0_dst-jpg_s64x64_tt6&_nc_cat=100&ccb=1-7&_nc_sid=e99d92&_nc_ohc=m5bvFW4FK8sQ7kNvgG-n2Tz&_nc_zt=24&_nc_ht=scontent.fnap3-1.fna&_nc_gid=AB7dV88cA7ufa08doLeMtCd&oh=00_AYA3w00M20JZJBBXAAp168Ix4n7Wz2lhwcSdeygHmKAaiQ&oe=67A027E0","Brendan Eikeland","Why not ...","https://www.facebook.com/photo/?fbid=625445454147368&set=a.458448897513692&comment_id=625446360813944","0","0","0","07/24/2013 08:09:10 PM"
"Y29tbWVudDo2MjU0NDU0NTQxNDczNjhfNjQyODU3MjA1NzM5NTI2","544699342","https://scontent.fnap3-2.fna.fbcdn.net/v/t39.30808-1/253711649_10159984301459343_5868143020181098051_n.jpg?stp=cp0_dst-jpg_s64x64_tt6&_nc_cat=109&ccb=1-7&_nc_sid=e99d92&_nc_ohc=pPdUxsWxaBIQ7kNvgF6K4wx&_nc_zt=24&_nc_ht=scontent.fnap3-2.fna&_nc_gid=A2w9qfU_AuFTOOR_BvAaim6&oh=00_AYCAPq3pdkwsz0cW8VzMdlLJuQ85DkWwNLMveKlufj7H1w&oe=67A03844","David Thomson","The predators are gonna be pissed off.","https://www.facebook.com/photo/?fbid=625445454147368&set=a.458448897513692&comment_id=642857205739526","2","0","0","08/29/2013 12:28:32 PM"
"Y29tbWVudDo2MjU0NDU0NTQxNDczNjhfNjI1NDQ5MzM0MTQ2OTgw","552354822","https://scontent.fnap3-2.fna.fbcdn.net/v/t39.30808-1/469963563_10161811927994823_3270121066443022024_n.jpg?stp=cp0_dst-jpg_s64x64_tt6&_nc_cat=111&ccb=1-7&_nc_sid=e99d92&_nc_ohc=OfXNK7m3d5MQ7kNvgEmoapT&_nc_zt=24&_nc_ht=scontent.fnap3-2.fna&_nc_gid=A2w9qfU_AuFTOOR_BvAaim6&oh=00_AYB66myNJgOythJWdgqDl29RvadE4nS8cOBV5z25EwzKag&oe=67A03B45","Julian Grebe","sounds a bit fake, besides Antarctica was covered by ice long before Humans arrived","https://www.facebook.com/photo/?fbid=625445454147368&set=a.458448897513692&comment_id=625449334146980","1","0","1","07/24/2013 08:15:34 PM"
"Y29tbWVudDo2MjU0NDU0NTQxNDczNjhfNjI1NDU0MDkwODEzMTcx","100001490812280","https://scontent.fnap3-1.fna.fbcdn.net/v/t39.30808-1/465111409_8736937096365897_8710457334839496034_n.jpg?stp=cp0_dst-jpg_s64x64_tt6&_nc_cat=105&ccb=1-7&_nc_sid=e99d92&_nc_ohc=7CtN_nYajtAQ7kNvgF0Age2&_nc_zt=24&_nc_ht=scontent.fnap3-1.fna&_nc_gid=A2w9qfU_AuFTOOR_BvAaim6&oh=00_AYAcf1nxWv4iK7NXdZbBrdd8DkWDQnSgzADKGA_LW28OQA&oe=67A03062","Alex Capel","It's Predator!!","https://www.facebook.com/photo/?fbid=625445454147368&set=a.458448897513692&comment_id=625454090813171","3","0","0","07/24/2013 08:31:45 PM"
"Y29tbWVudDo2MjU0NDU0NTQxNDczNjhfNjI1NTMxNDg0MTM4NzY1","1493437166","https://scontent.fnap3-1.fna.fbcdn.net/v/t39.30808-1/471570544_10235490865240957_4177723503312706884_n.jpg?stp=cp0_dst-jpg_s64x64_tt6&_nc_cat=106&ccb=1-7&_nc_sid=e99d92&_nc_ohc=sUMNeky2fBwQ7kNvgHD6e3G&_nc_zt=24&_nc_ht=scontent.fnap3-1.fna&_nc_gid=A2w9qfU_AuFTOOR_BvAaim6&oh=00_AYDI8MBZMEV_Uq-9ftgKnM4eRf4rFODlwUb0RbRZwjFbDA&oe=67A02E4A","Zach Perez","There have been many ice ages and polar shifts....its pissible that was a desery millions bof years back","https://www.facebook.com/photo/?fbid=625445454147368&set=a.458448897513692&comment_id=625531484138765","0","0","0","07/24/2013 11:53:04 PM"
"Y29tbWVudDo2MjU0NDU0NTQxNDczNjhfNjI1ODIxOTIwNzc2Mzg4","100000488829610","https://scontent.fnap3-1.fna.fbcdn.net/v/t39.30808-1/473986132_29170510755881832_2056659110155013855_n.jpg?stp=cp0_dst-jpg_s64x64_tt6&_nc_cat=101&ccb=1-7&_nc_sid=1d2534&_nc_ohc=1s-2PwqTqFEQ7kNvgE83s49&_nc_zt=24&_nc_ht=scontent.fnap3-1.fna&_nc_gid=A2w9qfU_AuFTOOR_BvAaim6&oh=00_AYDSEPm9v0Yma1Hw3iHTB51AAKcRF9JnTNFGsRM41r5IZg&oe=67A03CE2","Reyvan Refamonte Alegre","that's a tent! covered with snow :3","https://www.facebook.com/photo/?fbid=625445454147368&set=a.458448897513692&comment_id=625821920776388","0","0","0","07/25/2013 10:17:22 AM"
"Y29tbWVudDo2MjU0NDU0NTQxNDczNjhfNjI1OTU3MDA0MDk2MjEz","100004041954576","https://scontent.fnap3-2.fna.fbcdn.net/v/t1.6435-1/199643013_2444195182391856_4606773450230956040_n.jpg?stp=c223.78.1579.1579a_cp0_dst-jpg_s64x64_tt6&_nc_cat=111&ccb=1-7&_nc_sid=e99d92&_nc_ohc=C-RT44KM4F8Q7kNvgEJAvaY&_nc_zt=24&_nc_ht=scontent.fnap3-2.fna&_nc_gid=A2w9qfU_AuFTOOR_BvAaim6&oh=00_AYBo_dPVrAhWX6EO1sDrdX-o4bg5v2DtHb5A5exgrp-l_Q&oe=67C1DA48","Dhinesh Rajan","i think it was made by the ancient aliens!","https://www.facebook.com/photo/?fbid=625445454147368&set=a.458448897513692&comment_id=625957004096213","1","0","0","07/25/2013 06:02:46 PM"
"Y29tbWVudDo2MjU0NDU0NTQxNDczNjhfNjI1NjU1MDAwNzkzMDgw","100003301004735","https://scontent.fnap3-1.fna.fbcdn.net/v/t39.30808-1/422844413_7114114892041807_4547942388058104773_n.jpg?stp=cp0_dst-jpg_s64x64_tt6&_nc_cat=101&ccb=1-7&_nc_sid=e99d92&_nc_ohc=hnFpvQoHEYkQ7kNvgGYLNUC&_nc_zt=24&_nc_ht=scontent.fnap3-1.fna&_nc_gid=A2w9qfU_AuFTOOR_BvAaim6&oh=00_AYBjowfUYX8ObacebBbahRCqCwPh9iNZYtqzBWXqyRXvwQ&oe=67A0105C","Bhimsen Nayak","we have seen the UFO, not to the elians.","https://www.facebook.com/photo/?fbid=625445454147368&set=a.458448897513692&comment_id=625655000793080","1","0","0","07/25/2013 04:21:46 AM"
"Y29tbWVudDo2MjU0NDU0NTQxNDczNjhfNjI1NjMzMDI0MTI4NjEx","747629357","https://scontent.fnap3-2.fna.fbcdn.net/v/t1.6435-1/201746074_10161279223974358_8267860553154810835_n.jpg?stp=cp0_dst-jpg_s64x64_tt6&_nc_cat=109&ccb=1-7&_nc_sid=e99d92&_nc_ohc=Q66Am-ou0ogQ7kNvgFDnU5l&_nc_zt=24&_nc_ht=scontent.fnap3-2.fna&_nc_gid=A2w9qfU_AuFTOOR_BvAaim6&oh=00_AYCsE7RvvHEvuBXyVBxJixYLcI6ldoylx-vUMza4Bz4ESQ&oe=67C1C216","Abhishek Arun Kulkarni","Damn god.. These people play wid ur mind. This myt b fake or true.. letz c.. anyhow itz interesting to even think bout such thingz....","https://www.facebook.com/photo/?fbid=625445454147368&set=a.458448897513692&comment_id=625633024128611","0","0","0","07/25/2013 03:17:14 AM"
"Y29tbWVudDo2MjU0NDU0NTQxNDczNjhfNjI1NjE0MTQ0MTMwNDk5","654849284","https://scontent.fnap3-2.fna.fbcdn.net/v/t39.30808-1/434571775_10160359456469285_1913629275145278644_n.jpg?stp=c0.0.628.628a_cp0_dst-jpg_s64x64_tt6&_nc_cat=110&ccb=1-7&_nc_sid=e99d92&_nc_ohc=OpXJ9ruz9DkQ7kNvgFGcd8q&_nc_zt=24&_nc_ht=scontent.fnap3-2.fna&_nc_gid=A2w9qfU_AuFTOOR_BvAaim6&oh=00_AYDVM5eO0CCF_mkgXwioXdDwWQtDN6GILYq0F_Fo1O-75A&oe=67A03F97","John Di Crasto","Is this a test of how stupid people are?","https://www.facebook.com/photo/?fbid=625445454147368&set=a.458448897513692&comment_id=625614144130499","1","0","0","07/25/2013 02:10:46 AM"
"Y29tbWVudDo2MjU0NDU0NTQxNDczNjhfNjI1NjA3ODc0MTMxMTI2","1799700160","https://scontent.fnap3-1.fna.fbcdn.net/v/t1.6435-1/112229138_10213744434123979_8018353085649930856_n.jpg?stp=cp0_dst-jpg_s64x64_tt6&_nc_cat=104&ccb=1-7&_nc_sid=e99d92&_nc_ohc=-cy0UJmME1EQ7kNvgE4KY3B&_nc_zt=24&_nc_ht=scontent.fnap3-1.fna&_nc_gid=A2w9qfU_AuFTOOR_BvAaim6&oh=00_AYABzNWn0wTNlf3fNVelt5Nl4K_q27hGN_GZKYD-mbcQgw&oe=67C1CAEF","Marteen Martinez","alien vs predator!","https://www.facebook.com/photo/?fbid=625445454147368&set=a.458448897513692&comment_id=625607874131126","1","0","0","07/25/2013 01:42:18 AM"
"Y29tbWVudDo2MjU0NDU0NTQxNDczNjhfNjI1NTk2Nzg0MTMyMjM1","100001685475147","https://scontent.fnap3-1.fna.fbcdn.net/v/t39.30808-1/297451361_5406896302709832_4229760858791194845_n.jpg?stp=cp0_dst-jpg_s64x64_tt6&_nc_cat=104&ccb=1-7&_nc_sid=e99d92&_nc_ohc=xb5vUSOAd6QQ7kNvgEt81Le&_nc_zt=24&_nc_ht=scontent.fnap3-1.fna&_nc_gid=ALT9azUFOQKXQ1TxQncnmeo&oh=00_AYC_UjRIKGRKNhGDcEmNsmd4kV6a3cBXL3kWfIY25M771Q&oe=67A03685","Mohammad Salman","We're too busy by doing nothing.  So we're unable to copy and paste it for search","https://www.facebook.com/photo/?fbid=625445454147368&set=a.458448897513692&comment_id=625596784132235","1","0","0","07/25/2013 01:00:41 AM"
"Y29tbWVudDo2MjU0NDU0NTQxNDczNjhfNjI1NTAwMDQwODA4NTc2","1486848688","https://scontent.fnap3-1.fna.fbcdn.net/v/t1.6435-1/55615853_10219414489821399_7726882908396322816_n.jpg?stp=cp0_dst-jpg_s64x64_tt6&_nc_cat=100&ccb=1-7&_nc_sid=e99d92&_nc_ohc=r6uRGcspmkcQ7kNvgGTwnbv&_nc_zt=24&_nc_ht=scontent.fnap3-1.fna&_nc_gid=ALT9azUFOQKXQ1TxQncnmeo&oh=00_AYCuyKXv64nyy2pz0IUMI4jrwHf26PbsVEO8iLLvJrICwg&oe=67C1E147","Philippe Casavant","In Bosnia aswell.","https://www.facebook.com/photo/?fbid=625445454147368&set=a.458448897513692&comment_id=625500040808576","0","0","0","07/24/2013 10:43:55 PM"
"Y29tbWVudDo2MjU0NDU0NTQxNDczNjhfNjI1NDY5NjQ3NDc4Mjgy","100000515431027","https://scontent.fnap3-2.fna.fbcdn.net/v/t39.30808-1/244550215_5088824684477996_7491115403599040272_n.jpg?stp=cp0_dst-jpg_s64x64_tt6&_nc_cat=109&ccb=1-7&_nc_sid=e99d92&_nc_ohc=fxRMf0BYRSgQ7kNvgFTYdMA&_nc_zt=24&_nc_ht=scontent.fnap3-2.fna&_nc_gid=ALT9azUFOQKXQ1TxQncnmeo&oh=00_AYAV8HHRQbETt-U_5XkB9QBuT_f9wLIRxSAAVa2Aa31HPA&oe=67A00F48","Govinda Rokade","this can't be true,,!!!","https://www.facebook.com/photo/?fbid=625445454147368&set=a.458448897513692&comment_id=625469647478282","0","0","1","07/24/2013 09:25:02 PM"
"Y29tbWVudDo2MjU0NDU0NTQxNDczNjhfNjI1NDYxNTc3NDc5MDg5","100001192249983","https://scontent.fnap3-1.fna.fbcdn.net/v/t39.30808-1/461768188_8249787038404289_4025183247659124523_n.jpg?stp=cp0_dst-jpg_s64x64_tt6&_nc_cat=106&ccb=1-7&_nc_sid=e99d92&_nc_ohc=qp0lG6PGULQQ7kNvgG3vu-9&_nc_zt=24&_nc_ht=scontent.fnap3-1.fna&_nc_gid=ALT9azUFOQKXQ1TxQncnmeo&oh=00_AYAgrVE9PJLStgAy9Tj1YBzF74hHqpyBxuiVTE5zcteSlw&oe=67A02484","Abduttayyab Dohadwala","Sry...","https://www.facebook.com/photo/?fbid=625445454147368&set=a.458448897513692&comment_id=625461577479089","1","0","0","07/24/2013 08:56:06 PM"
"Y29tbWVudDo2MjU0NDU0NTQxNDczNjhfNjI1NDUxNzg0MTQ2NzM1","100000339074160","https://scontent.fnap3-2.fna.fbcdn.net/v/t1.6435-1/72208968_2561238277230783_1352165484144885760_n.jpg?stp=cp0_dst-jpg_s64x64_tt6&_nc_cat=108&ccb=1-7&_nc_sid=e99d92&_nc_ohc=u3IviBzfofsQ7kNvgG3QeFV&_nc_zt=24&_nc_ht=scontent.fnap3-2.fna&_nc_gid=ALT9azUFOQKXQ1TxQncnmeo&oh=00_AYD3rpj-mgXF8v5aElpqsuY8dN0wixNpRn73NB_5JgudDg&oe=67C1D1C9","Ankit Mishra","Oooooo","https://www.facebook.com/photo/?fbid=625445454147368&set=a.458448897513692&comment_id=625451784146735","1","0","0","07/24/2013 08:25:07 PM"
"Y29tbWVudDo2MjU0NDU0NTQxNDczNjhfNjI1NDUwOTAwODEzNDkw","1280826520","https://scontent.fnap3-2.fna.fbcdn.net/v/t39.30808-1/416650574_10231945584804075_2372904401147255648_n.jpg?stp=cp0_dst-jpg_s64x64_tt6&_nc_cat=110&ccb=1-7&_nc_sid=e99d92&_nc_ohc=Cd_dkOwp_GMQ7kNvgE7P6di&_nc_zt=24&_nc_ht=scontent.fnap3-2.fna&_nc_gid=ALT9azUFOQKXQ1TxQncnmeo&oh=00_AYDAH52L5uW7NOeZU7159E_3MKDlsJIiylIwHHOtd05U5w&oe=67A01114","Grechin Schwartz","Fake","https://www.facebook.com/photo/?fbid=625445454147368&set=a.458448897513692&comment_id=625450900813490","1","0","0","07/24/2013 08:21:19 PM"
"Y29tbWVudDo2MjU0NDU0NTQxNDczNjhfNjI1NDUyMzMwODEzMzQ3","100003676344794","https://scontent.fnap3-2.fna.fbcdn.net/v/t39.30808-1/462261897_3476281822504328_180800144241287835_n.jpg?stp=c0.0.849.849a_cp0_dst-jpg_s64x64_tt6&_nc_cat=108&ccb=1-7&_nc_sid=e99d92&_nc_ohc=FTXls3UZMJ0Q7kNvgGGaTB4&_nc_zt=24&_nc_ht=scontent.fnap3-2.fna&_nc_gid=ALT9azUFOQKXQ1TxQncnmeo&oh=00_AYDu5XuuuyKiW8LTuitWdgSXhrgMqZJi9Ax9zIQXn0-y4g&oe=67A01AB5","Vatsalya Tiwari","Damn !","https://www.facebook.com/photo/?fbid=625445454147368&set=a.458448897513692&comment_id=625452330813347","0","0","0","07/24/2013 08:26:43 PM"
"Y29tbWVudDo2MjU0NDU0NTQxNDczNjhfNjI1NDQ5NzI0MTQ2OTQx","100002387065410","https://scontent.fnap3-2.fna.fbcdn.net/v/t1.6435-1/110657874_3352341578188711_4697712488585667900_n.jpg?stp=cp0_dst-jpg_s64x64_tt6&_nc_cat=109&ccb=1-7&_nc_sid=e99d92&_nc_ohc=o0dpsF9Lj5wQ7kNvgGeaBhr&_nc_zt=24&_nc_ht=scontent.fnap3-2.fna&_nc_gid=ALT9azUFOQKXQ1TxQncnmeo&oh=00_AYD1v3OUvn6YJY0lrsXvJTRudQ4-EZCypeSky2Xn-N2CIQ&oe=67C1D324","Bala Murugan","END OF THE WORLD","https://www.facebook.com/photo/?fbid=625445454147368&set=a.458448897513692&comment_id=625449724146941","1","0","0","07/24/2013 08:16:52 PM"
"Y29tbWVudDo2MjU0NDU0NTQxNDczNjhfNjI1NDQ4NzQ0MTQ3MDM5","100001779892596","https://scontent.fnap3-1.fna.fbcdn.net/v/t39.30808-1/420836877_6916244288444832_3627138768396684364_n.jpg?stp=cp6_dst-jpg_s64x64_tt6&_nc_cat=107&ccb=1-7&_nc_sid=e99d92&_nc_ohc=Zb_RVYFI1cYQ7kNvgH1BHQI&_nc_zt=24&_nc_ht=scontent.fnap3-1.fna&_nc_gid=ALT9azUFOQKXQ1TxQncnmeo&oh=00_AYDeAuI9MB1Rkn4tNLYZoCLaItQQUw6JDeTb3yoLLW-08w&oe=67A03092","Nathan Rooster Holland","Holy fuck this is true!!","https://www.facebook.com/photo/?fbid=625445454147368&set=a.458448897513692&comment_id=625448744147039","0","0","0","07/24/2013 08:13:46 PM"
"Y29tbWVudDo2MjU0NDU0NTQxNDczNjhfNjI1NDQ2MzAwODEzOTUw","100003224649426","https://scontent.fnap3-1.fna.fbcdn.net/v/t39.30808-1/341672775_1671209799981762_7360732785930769441_n.jpg?stp=cp0_dst-jpg_s64x64_tt6&_nc_cat=100&ccb=1-7&_nc_sid=1d2534&_nc_ohc=4A7FJJX31O4Q7kNvgH_AIMx&_nc_zt=24&_nc_ht=scontent.fnap3-1.fna&_nc_gid=ALT9azUFOQKXQ1TxQncnmeo&oh=00_AYB5sSPvGkFFzrm3Vv4ZMuw_d1ucaPKnCxq6P1sGIR_KgA&oe=67A017FE","Ajeesh Muhammed Christy","Never","https://www.facebook.com/photo/?fbid=625445454147368&set=a.458448897513692&comment_id=625446300813950","0","0","0","07/24/2013 08:08:56 PM"
"Y29tbWVudDo2MjU0NDU0NTQxNDczNjhfNjI1NzcyNjM0MTE0NjUw","100006237211450","https://scontent.fnap3-2.fna.fbcdn.net/v/t1.30497-1/453178253_471506465671661_2781666950760530985_n.png?stp=cp0_dst-png_s64x64&_nc_cat=110&ccb=1-7&_nc_sid=136b72&_nc_ohc=z9R636rB8hAQ7kNvgGQHmTv&_nc_zt=24&_nc_ht=scontent.fnap3-2.fna&_nc_gid=AorWeDBbZlgqKPI4NTnv5rs&oh=00_AYD8U27pLWk1t5TZEGsyYdcY7XD6pEj3TXvedXW7QPfbgQ&oe=67C1B1FA","Maryum R.","What if before the human evolution the climate of Antarctica or Arctic was warmer and human life was there?","https://www.facebook.com/photo/?fbid=625445454147368&set=a.458448897513692&comment_id=625772634114650","2","0","0","07/25/2013 06:52:12 AM"
"Y29tbWVudDo2MjU0NDU0NTQxNDczNjhfNjI1NDQ5MjgwODEzNjUy","100001611683950","https://scontent.fnap3-1.fna.fbcdn.net/v/t1.6435-1/117294436_3332209816842708_1263256386977107053_n.jpg?stp=cp0_dst-jpg_s64x64_tt6&_nc_cat=107&ccb=1-7&_nc_sid=e99d92&_nc_ohc=V64FAWXgMewQ7kNvgGqoaex&_nc_zt=24&_nc_ht=scontent.fnap3-1.fna&_nc_gid=AorWeDBbZlgqKPI4NTnv5rs&oh=00_AYBtv-gVi0toiwGz6fkkrv6BLJkPkRReu9pGC9Gj4F0Ykw&oe=67C1C39E","Johnny Weeks","Phillip Chewy Whitfield","https://www.facebook.com/photo/?fbid=625445454147368&set=a.458448897513692&comment_id=625449280813652","1","0","0","07/24/2013 08:15:25 PM"
"Y29tbWVudDo2MjU0NDU0NTQxNDczNjhfNjI1NDQ3MDUwODEzODc1","100005018412483","https://scontent.fnap3-1.fna.fbcdn.net/v/t39.30808-1/462130068_2822009897976263_2284304544167648985_n.jpg?stp=cp0_dst-jpg_s64x64_tt6&_nc_cat=105&ccb=1-7&_nc_sid=e99d92&_nc_ohc=2Wd9xNtGiuQQ7kNvgGK02eD&_nc_zt=24&_nc_ht=scontent.fnap3-1.fna&_nc_gid=AorWeDBbZlgqKPI4NTnv5rs&oh=00_AYDRYXsZxaSFytjX9c_gTT1xFKhqrW2WiGo_O4_HurFxDQ&oe=67A02081","Andrej Tip Sipa Popadić","sounds fake","https://www.facebook.com/photo/?fbid=625445454147368&set=a.458448897513692&comment_id=625447050813875","0","0","0","07/24/2013 08:11:21 PM"
"Y29tbWVudDo2MjU0NDU0NTQxNDczNjhfNjI1NDYyNjA0MTQ1NjUz","601416864","https://scontent.fnap3-1.fna.fbcdn.net/v/t39.30808-1/432244236_10160866941426865_2733053501712963783_n.jpg?stp=cp6_dst-jpg_s64x64_tt6&_nc_cat=103&ccb=1-7&_nc_sid=1d2534&_nc_ohc=akmLpwQjD8EQ7kNvgFoE_y4&_nc_zt=24&_nc_ht=scontent.fnap3-1.fna&_nc_gid=AorWeDBbZlgqKPI4NTnv5rs&oh=00_AYAyGJw2NWJBYW4RwJukGaRgN70M9N7oKg5VXDPNchLVZg&oe=67A0285D","Frank Pendergast","Lol people are like its fake haha wtf do you mean people, the whole fuckin like contient is covered in glaciers all of which are covered in ice yall are ignorgant, if yall think we smartest planet in the whole eons. Thats fucking retarded aliens are just laughing at you now 0.o","https://www.facebook.com/photo/?fbid=625445454147368&set=a.458448897513692&comment_id=625462604145653","1","0","0","07/24/2013 08:59:30 PM"
"Y29tbWVudDo2MjU0NDU0NTQxNDczNjhfNzA1MjA4MTcyODM3NzYy","100000046241929","https://scontent.fnap3-1.fna.fbcdn.net/v/t39.30808-1/402842541_7257610280917108_5406846244072422713_n.jpg?stp=cp0_dst-jpg_s64x64_tt6&_nc_cat=102&ccb=1-7&_nc_sid=e99d92&_nc_ohc=_vCDgr1Si4gQ7kNvgG6-J2q&_nc_zt=24&_nc_ht=scontent.fnap3-1.fna&_nc_gid=AorWeDBbZlgqKPI4NTnv5rs&oh=00_AYAErG-fVmAHdstb5f62RoLgLQIAraiPBEPMjgs9TbAzaA&oe=67A02688","Azeem Iftikhar","there in  eygpt it just snowed there!!","https://www.facebook.com/photo/?fbid=625445454147368&set=a.458448897513692&comment_id=705208172837762","0","0","0","12/18/2013 03:09:17 PM"
"Y29tbWVudDo2MjU0NDU0NTQxNDczNjhfNjk4MjcyNzcwMTk3OTY5","1172889042","https://scontent.fnap3-1.fna.fbcdn.net/v/t39.30808-1/473191032_10231328362810313_8017251068395290793_n.jpg?stp=cp0_dst-jpg_s64x64_tt6&_nc_cat=100&ccb=1-7&_nc_sid=1d2534&_nc_ohc=enpbzcT6BH8Q7kNvgFae2DH&_nc_zt=24&_nc_ht=scontent.fnap3-1.fna&_nc_gid=AorWeDBbZlgqKPI4NTnv5rs&oh=00_AYCymIvF1FI1c8-Ka_6-i7j61BEB227CTHANyZZmWi6nXQ&oe=67A037EC","Samarpan Das","It's a peak in antarctica!!","https://www.facebook.com/photo/?fbid=625445454147368&set=a.458448897513692&comment_id=698272770197969","0","0","0","12/05/2013 05:21:00 PM"
"Y29tbWVudDo2MjU0NDU0NTQxNDczNjhfNjUzMTU2ODI0NzA5NTY0","1806214978","https://scontent.fnap3-1.fna.fbcdn.net/v/t39.30808-1/475306319_10221396305176190_964147974570593648_n.jpg?stp=cp0_dst-jpg_s64x64_tt6&_nc_cat=100&ccb=1-7&_nc_sid=e99d92&_nc_ohc=bxpkEVp1Wl4Q7kNvgFXd-9v&_nc_zt=24&_nc_ht=scontent.fnap3-1.fna&_nc_gid=AorWeDBbZlgqKPI4NTnv5rs&oh=00_AYCJeKnC7f09yUGGQQ48shWiMYq36FYhFR73Qji_BLH2qg&oe=67A03A4C","Ariel Villaseca","Any updates ?","https://www.facebook.com/photo/?fbid=625445454147368&set=a.458448897513692&comment_id=653156824709564","0","0","0","09/19/2013 08:33:25 AM"
"Y29tbWVudDo2MjU0NDU0NTQxNDczNjhfNjM0NDAzNTk2NTg0ODg3","1271527776","https://scontent.fnap3-1.fna.fbcdn.net/v/t39.30808-1/468534941_10234215365946875_261757008545423744_n.jpg?stp=cp0_dst-jpg_p64x64_tt6&_nc_cat=100&ccb=1-7&_nc_sid=1d2534&_nc_ohc=c5elVhFG0tYQ7kNvgExAya8&_nc_zt=24&_nc_ht=scontent.fnap3-1.fna&_nc_gid=AorWeDBbZlgqKPI4NTnv5rs&oh=00_AYA2tL0Pe2SDllUDYNPAzYEx0jnTweWWjV4ul8WqrIRP-A&oe=67A0387C","Darryl Bowerman","Fiona Crack-Bowerman","https://www.facebook.com/photo/?fbid=625445454147368&set=a.458448897513692&comment_id=634403596584887","0","0","1","08/12/2013 09:05:48 AM"
"Y29tbWVudDo2MjU0NDU0NTQxNDczNjhfNjI2MjM2NTg3NDAxNTg4","100005691395782","https://scontent.fnap3-1.fna.fbcdn.net/v/t39.30808-1/453234356_2484966328369723_1448754483852977984_n.jpg?stp=cp0_dst-jpg_s64x64_tt6&_nc_cat=104&ccb=1-7&_nc_sid=e99d92&_nc_ohc=_YP0ch4sZYIQ7kNvgECpw7j&_nc_zt=24&_nc_ht=scontent.fnap3-1.fna&_nc_gid=AorWeDBbZlgqKPI4NTnv5rs&oh=00_AYCdcoe55-TKGTrreRMFt_Xdx_kK0f5NSmZWV5aTFvukGA&oe=67A01202","Walden Calloway","Now it is showtime! Woohoo. I am excited to find out!","https://www.facebook.com/photo/?fbid=625445454147368&set=a.458448897513692&comment_id=626236587401588","0","0","0","07/26/2013 10:36:32 AM"
"Y29tbWVudDo2MjU0NDU0NTQxNDczNjhfNjI2MDM2NTY0MDg4MjU3","626655003","https://scontent.fnap3-2.fna.fbcdn.net/v/t39.30808-1/415529039_10168374739175004_1984138664413208290_n.jpg?stp=cp0_dst-jpg_s64x64_tt6&_nc_cat=109&ccb=1-7&_nc_sid=e99d92&_nc_ohc=zQ2SLz1lEwkQ7kNvgHYXaio&_nc_zt=24&_nc_ht=scontent.fnap3-2.fna&_nc_gid=AorWeDBbZlgqKPI4NTnv5rs&oh=00_AYACL_VdajprXSQWs6iM0g-UTEki0abxxGnNIMkIjmaR2g&oe=67A02134","Dan Start","Yeah now tell me humans made them! Pffft we aren't that smart!","https://www.facebook.com/photo/?fbid=625445454147368&set=a.458448897513692&comment_id=626036564088257","0","0","0","07/25/2013 10:10:02 PM"
"Y29tbWVudDo2MjU0NDU0NTQxNDczNjhfNjI1ODg2NzE0MTAzMjQy","718095691","https://scontent.fnap3-2.fna.fbcdn.net/v/t39.30808-1/471226023_10162260596605692_3687400969123188364_n.jpg?stp=cp0_dst-jpg_s64x64_tt6&_nc_cat=110&ccb=1-7&_nc_sid=e99d92&_nc_ohc=jNmRVpOtI9YQ7kNvgEljnkx&_nc_zt=24&_nc_ht=scontent.fnap3-2.fna&_nc_gid=AFE1wV20TFyNa9Y-k9mGl-T&oh=00_AYDVT8sgY7Yw0HGcem7VXMlz8_HU7x9sWZ703TN9KSoxEg&oe=67A03A80","Martin Dell","Old news. This is not fake either.","https://www.facebook.com/photo/?fbid=625445454147368&set=a.458448897513692&comment_id=625886714103242","0","0","0","07/25/2013 02:36:58 PM"
"Y29tbWVudDo2MjU0NDU0NTQxNDczNjhfNjI1ODUwODQ0MTA2ODI5","1335921046","https://scontent.fnap3-2.fna.fbcdn.net/v/t39.30808-1/296679522_10227749598388873_9157659350214350818_n.jpg?stp=cp0_dst-jpg_s64x64_tt6&_nc_cat=110&ccb=1-7&_nc_sid=e99d92&_nc_ohc=B2gPnnRgbPUQ7kNvgG7wQf9&_nc_zt=24&_nc_ht=scontent.fnap3-2.fna&_nc_gid=AFE1wV20TFyNa9Y-k9mGl-T&oh=00_AYDpfn_dgcAetO43y11D31sgcx0PkIjuw2Seh0RE5DN_0A&oe=67A03678","Smita T.Yohannan","the first moubd luks like a wind-eroded mountain","https://www.facebook.com/photo/?fbid=625445454147368&set=a.458448897513692&comment_id=625850844106829","0","0","0","07/25/2013 12:13:54 PM"
"Y29tbWVudDo2MjU0NDU0NTQxNDczNjhfNjI1ODI0OTgwNzc2MDgy","100000983418620","https://scontent.fnap3-1.fna.fbcdn.net/v/t39.30808-1/463253870_8705719042804123_7377921644216550367_n.jpg?stp=c161.0.638.638a_cp0_dst-jpg_s64x64_tt6&_nc_cat=103&ccb=1-7&_nc_sid=e99d92&_nc_ohc=eLqNJIaCd5gQ7kNvgGUnMht&_nc_zt=24&_nc_ht=scontent.fnap3-1.fna&_nc_gid=AFE1wV20TFyNa9Y-k9mGl-T&oh=00_AYD2w4wPxnHryCqZamXhJ48a92Rlw4eA5xzbTMKjAaQCpg&oe=67A01D4E","Parakh Rastogi","They are  Sri Yantras proved scientifically","https://www.facebook.com/photo/?fbid=625445454147368&set=a.458448897513692&comment_id=625824980776082","0","0","0","07/25/2013 10:29:06 AM"
"Y29tbWVudDo2MjU0NDU0NTQxNDczNjhfNjI2MDM1OTAwNzU0OTkw","562596343","https://scontent.fnap3-2.fna.fbcdn.net/v/t39.30808-1/294701369_10158915970276344_4119110962612012459_n.jpg?stp=cp0_dst-jpg_s64x64_tt6&_nc_cat=110&ccb=1-7&_nc_sid=e99d92&_nc_ohc=FHNd1KIl55wQ7kNvgGUZEsD&_nc_zt=24&_nc_ht=scontent.fnap3-2.fna&_nc_gid=AFE1wV20TFyNa9Y-k9mGl-T&oh=00_AYAiLGaHXCG6TvwL4w4Px4zIU_5S2mQBwMbi1RI6EwgXIQ&oe=67A03485","Paul Alan Jones","Daniel Start","https://www.facebook.com/photo/?fbid=625445454147368&set=a.458448897513692&comment_id=626035900754990","0","0","0","07/25/2013 10:07:36 PM"
"Y29tbWVudDo2MjU0NDU0NTQxNDczNjhfNjI1NDU3NDIwODEyODM4","100001817305813","https://scontent.fnap3-2.fna.fbcdn.net/v/t1.6435-1/34120426_1924001304337094_5274152137918513152_n.jpg?stp=cp0_dst-jpg_s64x64_tt6&_nc_cat=108&ccb=1-7&_nc_sid=e99d92&_nc_ohc=MPL7Mle5u3YQ7kNvgGz9d1p&_nc_zt=24&_nc_ht=scontent.fnap3-2.fna&_nc_gid=AFE1wV20TFyNa9Y-k9mGl-T&oh=00_AYD0rjNqWB5hx9I5UWucE8dq7ujahZhKPCiCqrtqcUeOKA&oe=67C1DD38","Albert Peralez","Photoshop!","https://www.facebook.com/photo/?fbid=625445454147368&set=a.458448897513692&comment_id=625457420812838","0","0","0","07/24/2013 08:40:56 PM"
"Y29tbWVudDo2MjU0NDU0NTQxNDczNjhfNjI1NjA2MzIwNzk3OTQ4","100003303181600","https://scontent.fnap3-2.fna.fbcdn.net/v/t39.30808-1/271202871_4629759763810751_6470702216340196109_n.jpg?stp=cp0_dst-jpg_s64x64_tt6&_nc_cat=108&ccb=1-7&_nc_sid=e99d92&_nc_ohc=W5HxLf09EKcQ7kNvgFIX5bJ&_nc_zt=24&_nc_ht=scontent.fnap3-2.fna&_nc_gid=AFE1wV20TFyNa9Y-k9mGl-T&oh=00_AYCcJ9iELnWLqmA8HfUPNf6BrwJwD-CmkzjtDjDkttIOGg&oe=67A0232A","Beatrice Vaillant","Wow! is that real?","https://www.facebook.com/photo/?fbid=625445454147368&set=a.458448897513692&comment_id=625606320797948","0","0","0","07/25/2013 01:35:48 AM"
"Y29tbWVudDo2MjU0NDU0NTQxNDczNjhfNjI1NDQ2MjQwODEzOTU2","100000478584774","https://scontent.fnap3-2.fna.fbcdn.net/v/t39.30808-1/465695598_28551026214496617_2665756271020251545_n.jpg?stp=cp0_dst-jpg_s64x64_tt6&_nc_cat=110&ccb=1-7&_nc_sid=e99d92&_nc_ohc=VPrYjFS15nAQ7kNvgEAIdZ-&_nc_zt=24&_nc_ht=scontent.fnap3-2.fna&_nc_gid=AFE1wV20TFyNa9Y-k9mGl-T&oh=00_AYDCLeGL6BF8xC_2PmR5afQ3UKqOYX-kRu2Af3nuuPKs2g&oe=67A01143","Rudy Ribery","When did they find this?","https://www.facebook.com/photo/?fbid=625445454147368&set=a.458448897513692&comment_id=625446240813956","0","0","0","07/24/2013 08:08:43 PM"
"Y29tbWVudDo2MjU0NDU0NTQxNDczNjhfNjI1NDQ2MTAwODEzOTcw","100001008869218","https://scontent.fnap3-1.fna.fbcdn.net/v/t39.30808-1/463255174_8505838966126314_721382078579006000_n.jpg?stp=cp0_dst-jpg_s64x64_tt6&_nc_cat=102&ccb=1-7&_nc_sid=e99d92&_nc_ohc=b-3THAUoPv0Q7kNvgHiVhcx&_nc_zt=24&_nc_ht=scontent.fnap3-1.fna&_nc_gid=AFE1wV20TFyNa9Y-k9mGl-T&oh=00_AYCiLVKgXP8p8ULZwQ26JG1JPMuPJDgRAtL9BrDPB7ciUQ&oe=67A02370","Arnel Thackeray","Woahh","https://www.facebook.com/photo/?fbid=625445454147368&set=a.458448897513692&comment_id=625446100813970","0","0","0","07/24/2013 08:08:26 PM"
"Y29tbWVudDo2MjU0NDU0NTQxNDczNjhfNjI2MTA2NDQ3NDE0NjAy","100002807439409","https://scontent.fnap3-1.fna.fbcdn.net/v/t39.30808-1/420398423_6649060215197494_8149465339456393218_n.jpg?stp=cp0_dst-jpg_s64x64_tt6&_nc_cat=106&ccb=1-7&_nc_sid=e99d92&_nc_ohc=JliPhINDwzgQ7kNvgFQHpyg&_nc_zt=24&_nc_ht=scontent.fnap3-1.fna&_nc_gid=AFE1wV20TFyNa9Y-k9mGl-T&oh=00_AYCNZUMmKph90zdq9UqVddw9LQoFTfVup8WXSdNMdleV2g&oe=67A03CFB","Ateeque Rizvi","i surely bet these are not man made because if they....they've been transformed into another shape till now","https://www.facebook.com/photo/?fbid=625445454147368&set=a.458448897513692&comment_id=626106447414602","0","0","0","07/26/2013 02:15:16 AM"